INSERT INTO `or_acl` (`id`, `userid`, `groupid`, `objectid`, `languageid`, `is_write`, `is_prop`, `is_create_folder`, `is_create_file`, `is_create_link`, `is_create_page`, `is_delete`, `is_release`, `is_publish`, `is_grant`, `is_transmit`) VALUES (1,2,NULL,1,NULL,1,1,1,1,1,1,1,0,0,1,'0');
INSERT INTO `or_acl` (`id`, `userid`, `groupid`, `objectid`, `languageid`, `is_write`, `is_prop`, `is_create_folder`, `is_create_file`, `is_create_link`, `is_create_page`, `is_delete`, `is_release`, `is_publish`, `is_grant`, `is_transmit`) VALUES (2,2,NULL,2,NULL,1,1,0,0,0,0,1,0,0,1,'0');
INSERT INTO `or_acl` (`id`, `userid`, `groupid`, `objectid`, `languageid`, `is_write`, `is_prop`, `is_create_folder`, `is_create_file`, `is_create_link`, `is_create_page`, `is_delete`, `is_release`, `is_publish`, `is_grant`, `is_transmit`) VALUES (3,2,NULL,3,NULL,1,1,0,0,0,0,1,0,0,1,'0');
INSERT INTO `or_acl` (`id`, `userid`, `groupid`, `objectid`, `languageid`, `is_write`, `is_prop`, `is_create_folder`, `is_create_file`, `is_create_link`, `is_create_page`, `is_delete`, `is_release`, `is_publish`, `is_grant`, `is_transmit`) VALUES (4,2,NULL,4,NULL,1,1,0,0,0,0,1,0,0,1,'0');
INSERT INTO `or_acl` (`id`, `userid`, `groupid`, `objectid`, `languageid`, `is_write`, `is_prop`, `is_create_folder`, `is_create_file`, `is_create_link`, `is_create_page`, `is_delete`, `is_release`, `is_publish`, `is_grant`, `is_transmit`) VALUES (5,2,NULL,5,NULL,1,1,0,0,0,0,1,0,0,1,'0');
INSERT INTO `or_acl` (`id`, `userid`, `groupid`, `objectid`, `languageid`, `is_write`, `is_prop`, `is_create_folder`, `is_create_file`, `is_create_link`, `is_create_page`, `is_delete`, `is_release`, `is_publish`, `is_grant`, `is_transmit`) VALUES (6,2,NULL,6,NULL,1,1,1,1,1,1,1,0,0,1,'0');
INSERT INTO `or_acl` (`id`, `userid`, `groupid`, `objectid`, `languageid`, `is_write`, `is_prop`, `is_create_folder`, `is_create_file`, `is_create_link`, `is_create_page`, `is_delete`, `is_release`, `is_publish`, `is_grant`, `is_transmit`) VALUES (7,2,NULL,7,NULL,1,1,0,0,0,0,1,0,0,1,'0');
INSERT INTO `or_acl` (`id`, `userid`, `groupid`, `objectid`, `languageid`, `is_write`, `is_prop`, `is_create_folder`, `is_create_file`, `is_create_link`, `is_create_page`, `is_delete`, `is_release`, `is_publish`, `is_grant`, `is_transmit`) VALUES (8,2,NULL,8,NULL,1,1,0,0,0,0,1,0,0,1,'0');
INSERT INTO `or_element` (`id`, `templateid`, `name`, `descr`, `type`, `subtype`, `with_icon`, `dateformat`, `wiki`, `html`, `all_languages`, `writable`, `decimals`, `dec_point`, `thousand_sep`, `code`, `default_text`, `folderobjectid`, `default_objectid`) VALUES (1,1,'stylesheet','','link','file,page,link','0','','0','0','0','0',0,'','','','',1,3);
INSERT INTO `or_element` (`id`, `templateid`, `name`, `descr`, `type`, `subtype`, `with_icon`, `dateformat`, `wiki`, `html`, `all_languages`, `writable`, `decimals`, `dec_point`, `thousand_sep`, `code`, `default_text`, `folderobjectid`, `default_objectid`) VALUES (2,1,'title','','info','page_name','0','','0','0','0','0',0,'','','','',NULL,NULL);
INSERT INTO `or_element` (`id`, `templateid`, `name`, `descr`, `type`, `subtype`, `with_icon`, `dateformat`, `wiki`, `html`, `all_languages`, `writable`, `decimals`, `dec_point`, `thousand_sep`, `code`, `default_text`, `folderobjectid`, `default_objectid`) VALUES (3,1,'text','','longtext','','0','','1','0','0','1',0,'','','','',NULL,NULL);
INSERT INTO `or_element` (`id`, `templateid`, `name`, `descr`, `type`, `subtype`, `with_icon`, `dateformat`, `wiki`, `html`, `all_languages`, `writable`, `decimals`, `dec_point`, `thousand_sep`, `code`, `default_text`, `folderobjectid`, `default_objectid`) VALUES (4,1,'menu','','dynamic','ClassicMenu','0','','0','0','0','0',0,'','','','',NULL,NULL);
INSERT INTO `or_element` (`id`, `templateid`, `name`, `descr`, `type`, `subtype`, `with_icon`, `dateformat`, `wiki`, `html`, `all_languages`, `writable`, `decimals`, `dec_point`, `thousand_sep`, `code`, `default_text`, `folderobjectid`, `default_objectid`) VALUES (5,1,'username','','info','lastch_user_username','0','','0','0','0','0',0,'','','','',NULL,NULL);
INSERT INTO `or_element` (`id`, `templateid`, `name`, `descr`, `type`, `subtype`, `with_icon`, `dateformat`, `wiki`, `html`, `all_languages`, `writable`, `decimals`, `dec_point`, `thousand_sep`, `code`, `default_text`, `folderobjectid`, `default_objectid`) VALUES (6,1,'date','','infodate','date_saved','0','F j, Y, g:i a','0','0','0','0',0,'','','','',NULL,NULL);
INSERT INTO `or_file` (`id`, `objectid`, `extension`, `size`, `value`) VALUES (1,3,'',1966,'a:link{color:#022A50; font-weight:bold; text-decoration:underline }\r\na:active{color:#022A50; font-weight:bold; text-decoration:underline }\r\na:visited{color:#022A50; font-weight:bold; text-decoration:underline }\r\na:hover{color:#022A50; font-weight:bold; text-decoration:underline }\r\n\r\nli.menu2 a{color:#022A50; font-weight:normal; text-decoration:underline }\r\n\r\nbody{color:#000000; font-family:Arial;font-size:13px; background-color:white; margin:0px; }\r\n     \r\ntd {font-family:Arial;font-size:13px; vertical-align:top; }\r\n\r\n\r\ntd.oben { border-bottom:25px solid #7B9CBD; }\r\ntd.submenu { border-right:1px solid #7B9CBD; }\r\ntd.menu { vertical-align:bottom; text-align:right; }\r\n\r\nul.submenu { line-height:25px; padding-left:0px; }\r\n\r\nul.menu0 { line-height:25px; padding:0px; margin:0px; list-style-type:none; }\r\nli.menu0 { font-size:16px; margin-top:5px; }\r\n\r\nul.menu1 { border-left: 2px solid #7B9CBD; padding:6px; margin:0px; list-style-type:none; }\r\nli.menu1 { font-size:13px;  }\r\n\r\nul.menu2 { border-left: 2px solid #7B9CBD; margin:0px; padding:5px; list-style-type:none;  }\r\nli.menu2 { font-weight:normal; font-size:12px;  }\r\n\r\ndt { border-left:1px solid #7B9CBD; border-top:1px solid #7B9CBD; padding:2px; margin-bottom:5px; }\r\ndd { border-right:1px solid #7B9CBD; border-bottom:1px solid #7B9CBD; padding:2px; margin-bottom:10px; }\r\n\r\npre { border:1px solid #7B9CBD; background-color:#D7E5F3; padding:5px; }\r\ncode { border-left:2px solid #7B9CBD;border-right:2px solid #7B9CBD; background-color:#D7E5F3; padding-left:3px; padding-right:3px; }\r\n\r\nblockquote { border-left:10px solid #7B9CBD; border-top:1px solid #D7E5F3;border-right:1px solid #D7E5F3;border-bottom:1px solid #D7E5F3; margin-left:10px; padding-left:10px; }\r\n\r\nh1 { color:#7B9CBD; font-weight:normal; font-size:2.2em; }\r\nh2 { color:#7B9CBD; font-weight:normal; font-size:1.8em;}\r\nh3 { color:#7B9CBD; font-weight:normal; font-size:1.4em;}\r\nh4 { color:#7B9CBD; font-weight:normal; font-size:1.2em;}');
INSERT INTO `or_folder` (`id`, `objectid`) VALUES (1,1);
INSERT INTO `or_folder` (`id`, `objectid`) VALUES (2,6);
INSERT INTO `or_group` (`id`, `name`) VALUES (1,'Redakteure');
INSERT INTO `or_group` (`id`, `name`) VALUES (2,'LDAP-Test-1');
INSERT INTO `or_group` (`id`, `name`) VALUES (3,'presidents');
INSERT INTO `or_language` (`id`, `projectid`, `isocode`, `name`, `is_default`) VALUES (1,1,'en','english',1);
INSERT INTO `or_language` (`id`, `projectid`, `isocode`, `name`, `is_default`) VALUES (2,1,'DE','German',0);
INSERT INTO `or_name` (`id`, `objectid`, `name`, `descr`, `languageid`) VALUES (1,1,'demo site','',1);
INSERT INTO `or_name` (`id`, `objectid`, `name`, `descr`, `languageid`) VALUES (2,2,'cars','',1);
INSERT INTO `or_name` (`id`, `objectid`, `name`, `descr`, `languageid`) VALUES (3,3,'demo stylesheet','',1);
INSERT INTO `or_name` (`id`, `objectid`, `name`, `descr`, `languageid`) VALUES (5,5,'tanks','',1);
INSERT INTO `or_name` (`id`, `objectid`, `name`, `descr`, `languageid`) VALUES (4,4,'bicycles','',1);
INSERT INTO `or_name` (`id`, `objectid`, `name`, `descr`, `languageid`) VALUES (6,6,'other','',1);
INSERT INTO `or_name` (`id`, `objectid`, `name`, `descr`, `languageid`) VALUES (7,7,'animals','',1);
INSERT INTO `or_name` (`id`, `objectid`, `name`, `descr`, `languageid`) VALUES (8,8,'oceans','',1);
INSERT INTO `or_object` (`id`, `parentid`, `projectid`, `filename`, `orderid`, `create_date`, `create_userid`, `lastchange_date`, `lastchange_userid`, `is_folder`, `is_file`, `is_page`, `is_link`) VALUES (1,NULL,1,'demo site',99999,1243978825,2,1243980196,2,1,0,0,0);
INSERT INTO `or_object` (`id`, `parentid`, `projectid`, `filename`, `orderid`, `create_date`, `create_userid`, `lastchange_date`, `lastchange_userid`, `is_folder`, `is_file`, `is_page`, `is_link`) VALUES (2,1,1,'2',99999,1243978825,2,1243980638,2,0,0,1,0);
INSERT INTO `or_object` (`id`, `parentid`, `projectid`, `filename`, `orderid`, `create_date`, `create_userid`, `lastchange_date`, `lastchange_userid`, `is_folder`, `is_file`, `is_page`, `is_link`) VALUES (3,1,1,'demo.css',99999,1243979266,2,1243979283,2,0,1,0,0);
INSERT INTO `or_object` (`id`, `parentid`, `projectid`, `filename`, `orderid`, `create_date`, `create_userid`, `lastchange_date`, `lastchange_userid`, `is_folder`, `is_file`, `is_page`, `is_link`) VALUES (4,1,1,'4',99999,1243979699,2,1243979842,2,0,0,1,0);
INSERT INTO `or_object` (`id`, `parentid`, `projectid`, `filename`, `orderid`, `create_date`, `create_userid`, `lastchange_date`, `lastchange_userid`, `is_folder`, `is_file`, `is_page`, `is_link`) VALUES (5,1,1,'5',99999,1243980122,2,1243980500,2,0,0,1,0);
INSERT INTO `or_object` (`id`, `parentid`, `projectid`, `filename`, `orderid`, `create_date`, `create_userid`, `lastchange_date`, `lastchange_userid`, `is_folder`, `is_file`, `is_page`, `is_link`) VALUES (6,1,1,'6',99999,1243980196,2,1243980228,2,1,0,0,0);
INSERT INTO `or_object` (`id`, `parentid`, `projectid`, `filename`, `orderid`, `create_date`, `create_userid`, `lastchange_date`, `lastchange_userid`, `is_folder`, `is_file`, `is_page`, `is_link`) VALUES (7,6,1,'7',99999,1243980211,2,1243980421,2,0,0,1,0);
INSERT INTO `or_object` (`id`, `parentid`, `projectid`, `filename`, `orderid`, `create_date`, `create_userid`, `lastchange_date`, `lastchange_userid`, `is_folder`, `is_file`, `is_page`, `is_link`) VALUES (8,6,1,'8',99999,1243980228,2,1243980478,2,0,0,1,0);
INSERT INTO `or_page` (`id`, `objectid`, `templateid`) VALUES (1,2,1);
INSERT INTO `or_page` (`id`, `objectid`, `templateid`) VALUES (2,4,1);
INSERT INTO `or_page` (`id`, `objectid`, `templateid`) VALUES (3,5,1);
INSERT INTO `or_page` (`id`, `objectid`, `templateid`) VALUES (4,7,1);
INSERT INTO `or_page` (`id`, `objectid`, `templateid`) VALUES (5,8,1);
INSERT INTO `or_project` (`id`, `name`, `target_dir`, `ftp_url`, `ftp_passive`, `cmd_after_publish`, `content_negotiation`, `cut_index`) VALUES (1,'demo site','','',0,'',0,0);
INSERT INTO `or_projectmodel` (`id`, `projectid`, `name`, `extension`, `is_default`) VALUES (1,1,'html','','0');
INSERT INTO `or_template` (`id`, `projectid`, `name`) VALUES (1,1,'my_template');
INSERT INTO `or_templatemodel` (`id`, `templateid`, `projectmodelid`, `extension`, `text`) VALUES (1,1,1,'html','<!DOCTYPE HTML PUBLIC \"-//W3C//DTD HTML 4.01 Transitional//EN\"\r\n          \"http://www.w3.org/TR/html4/loose.dtd\">\r\n<html>\r\n  <head>\r\n    <title>{{2}}</title>\r\n    <meta name=\"author\" content=\"Jan Dankert\">\r\n    <link type=\"text/css\" href=\"{{1}}\" rel=\"stylesheet\"> \r\n  </head>\r\n  <body>\r\n    <table width=\"100%\" cellpadding=\"10\" cellspacing=\"0\">\r\n      <tr>\r\n\r\n        <td class=\"oben\">\r\n          <table width=\"100%\">\r\n            <tr>\r\n              <td class=\"\"><h1>{{2}}</h2></td>\r\n              <td class=\"menu\">... a simple openrat demo site</td>\r\n\r\n            </tr>\r\n          </table>\r\n        </td>\r\n      </tr>\r\n      <tr>\r\n        <td>\r\n          <table width=\"100%\" cellpadding=\"10\">\r\n            <tr>\r\n              <td class=\"submenu\" width=\"100\">\r\n{{4}}\r\n</td>\r\n              <td colspan=\"2\">\r\n\r\n{{3}}\r\n\r\n<hr size=\"1\">\r\nLast edited on {{6}} by the user \r\n{{5}}.\r\n</td>\r\n\r\n            </tr>\r\n          </table>\r\n        </td>\r\n      </tr>\r\n    </table>\r\n  </body>\r\n</html>\r\n\r\n\r\n');
INSERT INTO `or_user` (`id`, `name`, `password`, `ldap_dn`, `fullname`, `tel`, `mail`, `descr`, `style`, `is_admin`) VALUES (1,'admin','21232f297a57a5a743894a0e4a801fc3','','Administrator','','','Admin user','default',1);
INSERT INTO `or_user` (`id`, `name`, `password`, `ldap_dn`, `fullname`, `tel`, `mail`, `descr`, `style`, `is_admin`) VALUES (2,'dankert','','uid=dankert,ou=users,dc=ss19a','dankert','','','','',1);
INSERT INTO `or_user` (`id`, `name`, `password`, `ldap_dn`, `fullname`, `tel`, `mail`, `descr`, `style`, `is_admin`) VALUES (3,'george','','','','','','','default',0);
INSERT INTO `or_user` (`id`, `name`, `password`, `ldap_dn`, `fullname`, `tel`, `mail`, `descr`, `style`, `is_admin`) VALUES (4,'barack','','','','','','','default',0);
INSERT INTO `or_usergroup` (`id`, `userid`, `groupid`) VALUES (1,2,1);
INSERT INTO `or_usergroup` (`id`, `userid`, `groupid`) VALUES (2,2,2);
INSERT INTO `or_usergroup` (`id`, `userid`, `groupid`) VALUES (3,3,1);
INSERT INTO `or_usergroup` (`id`, `userid`, `groupid`) VALUES (4,4,1);
INSERT INTO `or_usergroup` (`id`, `userid`, `groupid`) VALUES (5,3,3);
INSERT INTO `or_usergroup` (`id`, `userid`, `groupid`) VALUES (6,4,3);
INSERT INTO `or_value` (`id`, `pageid`, `languageid`, `elementid`, `linkobjectid`, `text`, `number`, `date`, `active`, `publish`, `lastchange_date`, `lastchange_userid`) VALUES (1,1,1,3,NULL,'Lorem ipsum dolor sit amet, consetetur sadipscing elitr, sed diam nonumy eirmod tempor invidunt ut labore et dolore magna aliquyam erat, sed diam voluptua. At vero eos et accusam et justo duo dolores et ea rebum. Stet clita kasd gubergren, no sea takimata sanctus est Lorem ipsum dolor sit amet. Lorem ipsum dolor sit amet, consetetur sadipscing elitr, sed diam nonumy eirmod tempor invidunt ut labore et dolore magna aliquyam erat, sed diam voluptua. At vero eos et accusam et justo duo dolores et ea rebum. Stet clita kasd gubergren, no sea takimata sanctus est Lorem ipsum dolor sit amet. Lorem ipsum dolor sit amet, consetetur sadipscing elitr, sed diam nonumy eirmod tempor invidunt ut labore et dolore magna aliquyam erat, sed diam voluptua. At vero eos et accusam et justo duo dolores et ea rebum. Stet clita kasd gubergren, no sea takimata sanctus est Lorem ipsum dolor sit amet.',NULL,NULL,0,0,1243979831,2);
INSERT INTO `or_value` (`id`, `pageid`, `languageid`, `elementid`, `linkobjectid`, `text`, `number`, `date`, `active`, `publish`, `lastchange_date`, `lastchange_userid`) VALUES (2,2,1,3,NULL,'Lorem ipsum dolor sit amet, consetetur sadipscing elitr, sed diam nonumy eirmod tempor invidunt ut labore et dolore magna aliquyam erat, sed diam voluptua. At vero eos et accusam et justo duo dolores et ea rebum. Stet clita kasd gubergren, no sea takimata sanctus est Lorem ipsum dolor sit amet. Lorem ipsum dolor sit amet, consetetur sadipscing elitr, sed diam nonumy eirmod tempor invidunt ut labore et dolore magna aliquyam erat, sed diam voluptua. At vero eos et accusam et justo duo dolores et ea rebum. Stet clita kasd gubergren, no sea takimata sanctus est Lorem ipsum dolor sit amet. Lorem ipsum dolor sit amet, consetetur sadipscing elitr, sed diam nonumy eirmod tempor invidunt ut labore et dolore magna aliquyam erat, sed diam voluptua. At vero eos et accusam et justo duo dolores et ea rebum. Stet clita kasd gubergren, no sea takimata sanctus est Lorem ipsum dolor sit amet.',NULL,NULL,1,1,1243979842,2);
INSERT INTO `or_value` (`id`, `pageid`, `languageid`, `elementid`, `linkobjectid`, `text`, `number`, `date`, `active`, `publish`, `lastchange_date`, `lastchange_userid`) VALUES (3,1,1,3,NULL,'Überall dieselbe alte Leier. Das Layout ist fertig, der Text lässt auf sich warten. Damit das Layout nun nicht nackt im Raume steht und sich klein und leer vorkommt, springe ich ein: der Blindtext. Genau zu diesem Zwecke erschaffen, immer im Schatten meines großen Bruders »Lorem Ipsum«, freue ich mich jedes Mal, wenn Sie ein paar Zeilen lesen. Denn esse est percipi - Sein ist wahrgenommen werden. Und weil Sie nun schon die Güte haben, mich ein paar weitere Sätze lang zu begleiten, möchte ich diese Gelegenheit nutzen, Ihnen nicht nur als Lückenfüller zu dienen, sondern auf etwas hinzuweisen, das es ebenso verdient wahrgenommen zu werden: Webstandards nämlich. Sehen Sie, Webstandards sind das Regelwerk, auf dem Webseiten aufbauen. So gibt es Regeln für HTML, CSS, JavaScript oder auch XML; Worte, die Sie vielleicht schon einmal von Ihrem Entwickler gehört haben. Diese Standards sorgen dafür, dass alle Beteiligten aus einer Webseite den größten Nutzen ziehen. Im Gegensatz zu früheren Webseiten müssen wir zum Beispiel nicht mehr zwei verschiedene Webseiten für den Internet Explorer und einen anderen Browser programmieren. Es reicht eine Seite, die - richtig angelegt - sowohl auf verschiedenen Browsern im Netz funktioniert, aber ebenso gut für den Ausdruck oder',NULL,NULL,0,0,1243980076,2);
INSERT INTO `or_value` (`id`, `pageid`, `languageid`, `elementid`, `linkobjectid`, `text`, `number`, `date`, `active`, `publish`, `lastchange_date`, `lastchange_userid`) VALUES (4,3,1,3,NULL,'Lorem ipsum dolor sit amet, consectetuer adipiscing elit. Aenean commodo ligula eget dolor. Aenean massa. Cum sociis natoque penatibus et magnis dis parturient montes, nascetur ridiculus mus. Donec quam felis, ultricies nec, pellentesque eu, pretium quis, sem. Nulla consequat massa quis enim. Donec pede justo, fringilla vel, aliquet nec, vulputate eget, arcu. In enim justo, rhoncus ut, imperdiet a, venenatis vitae, justo. Nullam dictum felis eu pede mollis pretium. Integer tincidunt. Cras dapibus. Vivamus elementum semper nisi. Aenean vulputate eleifend tellus. Aenean leo ligula, porttitor eu, consequat vitae, eleifend ac, enim. Aliquam lorem ante, dapibus in, viverra quis, feugiat a, tellus. Phasellus viverra nulla ut metus varius laoreet. Quisque rutrum. Aenean imperdiet. Etiam ultricies nisi vel augue. Curabitur ullamcorper ultricies nisi. Nam eget dui. Etiam rhoncus. Maecenas tempus, tellus eget condimentum rhoncus, sem quam semper libero, sit amet adipiscing sem neque sed ipsum. Nam quam nunc, blandit vel, luctus pulvinar, hendrerit id, lorem. Maecenas nec odio et ante tincidunt tempus. Donec vitae sapien ut libero venenatis faucibus. Nullam quis ante. Etiam sit amet orci eget eros faucibus tincidunt. Duis leo. Sed fringilla mauris sit amet nibh. Donec sodales sagittis magna. Sed consequat, leo eget bibendum sodales, augue velit cursus nunc,',NULL,NULL,0,0,1243980160,2);
INSERT INTO `or_value` (`id`, `pageid`, `languageid`, `elementid`, `linkobjectid`, `text`, `number`, `date`, `active`, `publish`, `lastchange_date`, `lastchange_userid`) VALUES (5,4,1,3,NULL,'Uh, here are some *animals*.\r\n- elephant\r\n- mouse\r\n- tiger',NULL,NULL,1,1,1243980421,2);
INSERT INTO `or_value` (`id`, `pageid`, `languageid`, `elementid`, `linkobjectid`, `text`, `number`, `date`, `active`, `publish`, `lastchange_date`, `lastchange_userid`) VALUES (6,5,1,3,NULL,'Do you know some _oceans_?\r\n\r\nLike...\r\n- Atlantic\r\n- Pacific\r\n',NULL,NULL,1,1,1243980478,2);
INSERT INTO `or_value` (`id`, `pageid`, `languageid`, `elementid`, `linkobjectid`, `text`, `number`, `date`, `active`, `publish`, `lastchange_date`, `lastchange_userid`) VALUES (7,3,1,3,NULL,'Lorem ipsum dolor sit amet, consectetuer adipiscing elit.\r\n\r\nAenean commodo ligula eget dolor. Aenean massa. Cum sociis natoque penatibus et magnis dis parturient montes, nascetur ridiculus mus. Donec quam felis, ultricies nec, pellentesque eu, pretium quis, sem. Nulla consequat massa quis enim. Donec pede justo, fringilla vel, aliquet nec, vulputate eget, arcu. In enim justo, rhoncus ut, imperdiet a, venenatis vitae, justo. Nullam dictum felis eu pede mollis pretium. Integer tincidunt. Cras dapibus.\r\n\r\nVivamus elementum semper nisi. Aenean vulputate eleifend tellus. Aenean leo ligula, porttitor eu, consequat vitae, eleifend ac, enim. Aliquam lorem ante, dapibus in, viverra quis, feugiat a, tellus. Phasellus viverra nulla ut metus varius laoreet. Quisque rutrum. Aenean imperdiet. Etiam ultricies nisi vel augue. Curabitur ullamcorper ultricies nisi. Nam eget dui. Etiam rhoncus. Maecenas tempus, tellus eget condimentum rhoncus, sem quam semper libero, sit amet adipiscing sem neque sed ipsum. Nam quam nunc, blandit vel, luctus pulvinar, hendrerit id, lorem.\r\n\r\nMaecenas nec odio et ante tincidunt tempus. Donec vitae sapien ut libero venenatis faucibus. Nullam quis ante. Etiam sit amet orci eget eros faucibus tincidunt. Duis leo. Sed fringilla mauris sit amet nibh. Donec sodales sagittis magna. Sed consequat, leo eget bibendum sodales, augue velit cursus nunc,',NULL,NULL,1,1,1243980500,2);
INSERT INTO `or_value` (`id`, `pageid`, `languageid`, `elementid`, `linkobjectid`, `text`, `number`, `date`, `active`, `publish`, `lastchange_date`, `lastchange_userid`) VALUES (8,1,1,3,NULL,'Lorem Ipsum is simply dummy text of the printing and typesetting industry.\r\n\r\nLorem Ipsum has been the industry\'s standard dummy text ever since the 1500s, when an unknown printer took a galley of type and scrambled it to make a type specimen book.\r\n\r\nIt has survived not only five centuries, but also the leap into electronic typesetting, remaining essentially unchanged. It was popularised in the 1960s with the release of Letraset sheets containing Lorem Ipsum passages, and more recently with desktop publishing software like Aldus PageMaker including versions of Lorem Ipsum.',NULL,NULL,1,1,1243980638,2);
